n,time_us
0,0
100,88
200,79
300,37
400,35
500,36
600,35
700,26
800,27
900,26
1000,27
1100,28
1200,27
1300,26
1400,23
1500,25
1600,27
1700,23
1800,27
1900,26
2000,27
2100,29
2200,26
2300,26
2400,25
2500,26
2600,26
2700,26
2800,26
2900,27
3000,27
3100,29
3200,25
3300,26
3400,25
3500,26
3600,27
3700,27
3800,28
3900,27
4000,25
4100,29
4200,26
4300,27
4400,28
4500,27
4600,26
4700,27
4800,27
4900,27
5000,27
5100,29
5200,26
5300,26
5400,28
5500,27
5600,27
5700,28
5800,27
5900,27
6000,28
6100,39
6200,39
6300,40
6400,39
6500,39
6600,39
6700,39
6800,40
6900,42
7000,39
7100,39
7200,39
7300,40
7400,39
7500,39
7600,38
7700,29
7800,27
7900,28
8000,27
8100,33
8200,28
8300,27
8400,27
8500,28
8600,27
8700,27
8800,27
8900,27
9000,28
9100,29
9200,28
9300,32
9400,28
9500,28
9600,29
9700,27
9800,28
9900,28
10000,27
10100,30
10200,27
10300,28
10400,28
10500,28
10600,27
10700,28
10800,28
10900,27
11000,28
11100,30
11200,27
11300,28
11400,28
11500,28
11600,27
11700,28
11800,37
11900,30
12000,30
12100,30
12200,29
12300,31
12400,29
12500,29
12600,29
12700,32
12800,29
12900,33
13000,49
13100,34
13200,33
13300,29
13400,32
13500,29
13600,29
13700,29
13800,29
13900,33
14000,29
14100,41
14200,37
14300,37
14400,36
14500,36
14600,36
14700,33
14800,33
14900,30
15000,31
15100,30
15200,30
15300,30
15400,31
15500,29
15600,30
15700,30
15800,46
15900,32
16000,32
16100,30
16200,30
16300,34
16400,32
16500,31
16600,31
16700,31
16800,31
16900,30
17000,31
17100,31
17200,31
17300,31
17400,31
17500,31
17600,31
17700,31
17800,31
17900,31
18000,31
18100,31
18200,32
18300,31
18400,31
18500,31
18600,31
18700,31
18800,59
18900,30
19000,30
19100,45
19200,30
19300,30
19400,30
19500,33
19600,33
19700,33
19800,33
19900,33
20000,33
20100,33
20200,34
20300,34
20400,33
20500,34
20600,33
20700,34
20800,33
20900,48
21000,34
21100,34
21200,33
21300,34
21400,33
21500,61
21600,71
21700,54
21800,54
21900,40
22000,30
22100,41
22200,31
22300,30
22400,30
22500,30
22600,30
22700,36
22800,45
22900,31
23000,31
23100,53
23200,36
23300,41
23400,36
23500,35
23600,32
23700,32
23800,32
23900,32
24000,32
24100,42
24200,34
24300,32
24400,31
24500,30
24600,31
24700,31
24800,31
24900,31
25000,46
25100,43
25200,30
25300,30
25400,30
25500,30
25600,30
25700,30
25800,33
25900,33
26000,35
26100,36
26200,36
26300,35
26400,35
26500,35
26600,36
26700,35
26800,35
26900,35
27000,35
27100,40
27200,35
27300,36
27400,37
27500,37
27600,48
27700,44
27800,32
27900,32
28000,32
28100,43
28200,32
28300,32
28400,32
28500,32
28600,32
28700,32
28800,32
28900,32
29000,32
29100,45
29200,33
29300,32
29400,32
29500,61
29600,61
29700,60
29800,60
29900,60
30000,61
30100,41
30200,45
30300,37
30400,36
30500,35
30600,35
30700,35
30800,40
30900,36
31000,36
31100,36
31200,36
31300,36
31400,36
31500,36
31600,36
31700,34
31800,38
31900,34
32000,34
32100,33
32200,34
32300,34
32400,34
32500,32
32600,32
32700,33
32800,33
32900,33
33000,36
33100,33
33200,33
33300,32
33400,33
33500,32
33600,33
33700,32
33800,36
33900,32
34000,32
34100,33
34200,33
34300,32
34400,33
34500,32
34600,33
34700,33
34800,34
34900,33
35000,33
35100,32
35200,33
35300,34
35400,58
35500,34
35600,32
35700,32
35800,32
35900,32
36000,32
36100,32
36200,33
36300,32
36400,32
36500,32
36600,33
36700,33
36800,34
36900,34
37000,37
37100,35
37200,33
37300,33
37400,33
37500,34
37600,33
37700,38
37800,35
37900,34
38000,33
38100,34
38200,33
38300,33
38400,34
38500,33
38600,33
38700,33
38800,34
38900,34
39000,33
39100,38
39200,37
39300,37
39400,37
39500,37
39600,37
39700,38
39800,38
39900,41
40000,38
40100,38
40200,38
40300,37
40400,38
40500,38
40600,37
40700,39
40800,52
40900,67
41000,59
41100,100
41200,79
41300,67
41400,38
41500,52
41600,51
41700,41
41800,40
41900,38
42000,39
42100,40
42200,39
42300,41
42400,43
42500,40
42600,38
42700,43
42800,41
42900,42
43000,40
43100,41
43200,40
43300,39
43400,39
43500,42
43600,40
43700,42
43800,40
43900,41
44000,42
44100,41
44200,40
44300,41
44400,40
44500,41
44600,43
44700,41
44800,42
44900,41
45000,39
45100,44
45200,43
45300,43
45400,44
45500,55
45600,53
45700,45
45800,43
45900,44
46000,41
46100,66
46200,60
46300,50
46400,41
46500,41
46600,40
46700,40
46800,43
46900,40
47000,41
47100,43
47200,45
47300,41
47400,40
47500,39
47600,37
47700,35
47800,35
47900,36
48000,35
48100,36
48200,36
48300,36
48400,36
48500,35
48600,36
48700,36
48800,35
48900,40
49000,39
49100,39
49200,37
49300,43
49400,39
49500,39
49600,38
49700,37
49800,38
49900,37
50000,38
50100,41
50200,40
50300,40
50400,45
50500,40
50600,41
50700,40
50800,40
50900,40
51000,40
51100,41
51200,41
51300,58
51400,40
51500,40
51600,40
51700,42
51800,37
51900,38
52000,37
52100,52
52200,38
52300,37
52400,38
52500,37
52600,38
52700,36
52800,38
52900,37
53000,38
53100,37
53200,40
53300,38
53400,37
53500,37
53600,38
53700,37
53800,38
53900,37
54000,37
54100,37
54200,37
54300,36
54400,37
54500,37
54600,37
54700,37
54800,37
54900,36
55000,37
55100,38
55200,38
55300,40
55400,38
55500,37
55600,37
55700,38
55800,37
55900,36
56000,36
56100,42
56200,40
56300,40
56400,40
56500,40
56600,40
56700,40
56800,41
56900,40
57000,40
57100,56
57200,80
57300,64
57400,60
57500,60
57600,58
57700,36
57800,42
57900,47
58000,48
58100,45
58200,45
58300,45
58400,45
58500,46
58600,46
58700,46
58800,96
58900,58
59000,67
59100,66
59200,56
59300,45
59400,57
59500,37
59600,36
59700,36
59800,37
59900,37
60000,37
60100,37
60200,37
60300,37
60400,37
60500,37
60600,42
60700,37
60800,37
60900,37
61000,36
61100,37
61200,37
61300,37
61400,37
61500,40
61600,40
61700,40
61800,40
61900,40
62000,39
62100,40
62200,40
62300,40
62400,40
62500,46
62600,40
62700,44
62800,49
62900,48
63000,47
63100,57
63200,66
63300,44
63400,45
63500,42
63600,43
63700,43
63800,43
63900,43
64000,42
64100,43
64200,128
64300,46
64400,42
64500,44
64600,49
64700,43
64800,42
64900,43
65000,41
65100,52
65200,44
65300,42
65400,42
65500,42
65600,42
65700,42
65800,43
65900,127
66000,44
66100,51
66200,44
66300,43
66400,43
66500,41
66600,48
66700,46
66800,48
66900,48
67000,47
67100,48
67200,48
67300,46
67400,52
67500,49
67600,49
67700,48
67800,48
67900,48
68000,58
68100,69
68200,53
68300,42
68400,43
68500,42
68600,42
68700,42
68800,44
68900,43
69000,41
69100,57
69200,43
69300,41
69400,41
69500,42
69600,45
69700,43
69800,42
69900,44
70000,42
70100,54
70200,42
70300,42
70400,42
70500,41
70600,42
70700,43
70800,43
70900,94
71000,42
71100,41
71200,43
71300,42
71400,42
71500,43
71600,42
71700,42
71800,45
71900,48
72000,48
72100,49
72200,48
72300,47
72400,49
72500,47
72600,52
72700,49
72800,49
72900,49
73000,47
73100,51
73200,49
73300,44
73400,55
73500,44
73600,44
73700,44
73800,44
73900,42
74000,44
74100,42
74200,43
74300,67
74400,43
74500,42
74600,44
74700,44
74800,43
74900,44
75000,43
75100,43
75200,44
75300,43
75400,43
75500,42
75600,46
75700,45
75800,43
75900,45
76000,45
76100,43
76200,53
76300,43
76400,43
76500,45
76600,43
76700,44
76800,45
76900,45
77000,50
77100,50
77200,51
77300,50
77400,51
77500,48
77600,48
77700,47
77800,67
77900,47
78000,57
78100,46
78200,45
78300,57
78400,45
78500,40
78600,39
78700,40
78800,40
78900,40
79000,40
79100,40
79200,40
79300,40
79400,51
79500,68
79600,40
79700,40
79800,40
79900,40
80000,40
80100,40
80200,41
80300,40
80400,40
80500,40
80600,40
80700,40
80800,40
80900,40
81000,41
81100,40
81200,40
81300,41
81400,40
81500,68
81600,39
81700,38
81800,39
81900,41
82000,41
82100,42
82200,40
82300,40
82400,45
82500,45
82600,45
82700,45
82800,45
82900,46
83000,45
83100,46
83200,45
83300,69
83400,46
83500,46
83600,45
83700,45
83800,68
83900,43
84000,41
84100,41
84200,39
84300,42
84400,42
84500,42
84600,42
84700,41
84800,41
84900,42
85000,116
85100,74
85200,69
85300,69
85400,44
85500,43
85600,43
85700,43
85800,43
85900,43
86000,43
86100,43
86200,42
86300,43
86400,43
86500,42
86600,48
86700,43
86800,42
86900,43
87000,43
87100,42
87200,42
87300,43
87400,43
87500,43
87600,43
87700,42
87800,43
87900,42
88000,43
88100,42
88200,43
88300,43
88400,41
88500,46
88600,43
88700,43
88800,43
88900,43
89000,43
89100,43
89200,42
89300,43
89400,43
89500,42
89600,42
89700,43
89800,41
89900,42
90000,42
90100,43
90200,41
90300,41
90400,46
90500,49
90600,53
90700,52
90800,40
90900,41
91000,42
91100,70
91200,51
91300,62
91400,63
91500,62
91600,67
91700,54
91800,43
91900,43
92000,47
92100,44
92200,43
92300,41
92400,42
92500,42
92600,41
92700,42
92800,42
92900,42
93000,42
93100,42
93200,42
93300,42
93400,48
93500,45
93600,46
93700,46
93800,51
93900,51
94000,56
94100,46
94200,46
94300,46
94400,46
94500,53
94600,53
94700,41
94800,41
94900,41
95000,41
95100,41
95200,41
95300,41
95400,40
95500,79
95600,42
95700,41
95800,41
95900,42
96000,41
96100,51
96200,40
96300,41
96400,42
96500,52
96600,63
96700,48
96800,47
96900,48
97000,48
97100,47
97200,51
97300,47
97400,48
97500,51
97600,50
97700,48
97800,51
97900,47
98000,53
98100,55
98200,54
98300,53
98400,53
98500,49
98600,49
98700,49
98800,61
98900,54
99000,55
99100,53
99200,64
99300,64
99400,60
99500,49
99600,48
99700,49
99800,48
99900,50
100000,49
100100,51
100200,51
100300,95
100400,49
100500,49
100600,50
100700,50
100800,49
100900,49
101000,48
101100,48
101200,51
101300,49
101400,54
101500,52
101600,51
101700,49
101800,50
101900,49
102000,50
102100,52
102200,49
102300,49
102400,49
102500,51
102600,50
102700,49
102800,50
102900,51
103000,49
103100,54
103200,55
103300,54
103400,55
103500,56
103600,55
103700,56
103800,55
103900,54
104000,61
104100,49
104200,51
104300,50
104400,52
104500,50
104600,51
104700,49
104800,50
104900,49
105000,50
105100,102
105200,50
105300,49
105400,49
105500,49
105600,49
105700,49
105800,48
105900,51
106000,44
106100,44
106200,44
106300,44
106400,44
106500,44
106600,43
106700,44
106800,48
106900,44
107000,44
107100,44
107200,44
107300,43
107400,43
107500,44
107600,44
107700,43
107800,45
107900,44
108000,43
108100,48
108200,49
108300,48
108400,48
108500,48
108600,51
108700,48
108800,48
108900,49
109000,49
109100,49
109200,44
109300,44
109400,44
109500,43
109600,54
109700,55
109800,45
109900,44
110000,55
110100,44
110200,44
110300,70
110400,45
110500,44
110600,45
110700,43
110800,45
110900,45
111000,43
111100,44
111200,44
111300,44
111400,45
111500,45
111600,44
111700,45
111800,44
111900,44
112000,44
112100,54
112200,46
112300,43
112400,44
112500,44
112600,45
112700,44
112800,45
112900,45
113000,45
113100,50
113200,51
113300,50
113400,51
113500,50
113600,51
113700,51
113800,66
113900,52
114000,52
114100,51
114200,52
114300,50
114400,47
114500,46
114600,46
114700,47
114800,46
114900,48
115000,47
115100,47
115200,47
115300,57
115400,46
115500,59
115600,66
115700,67
115800,56
115900,46
116000,45
116100,46
116200,47
116300,46
116400,44
116500,47
116600,47
116700,46
116800,44
116900,45
117000,46
117100,46
117200,37
117300,47
117400,47
117500,48
117600,44
117700,44
117800,47
117900,44
118000,46
118100,51
118200,75
118300,50
118400,52
118500,51
118600,64
118700,51
118800,88
118900,79
119000,72
119100,71
119200,45
119300,45
119400,47
119500,46
119600,47
119700,46
119800,46
119900,45
120000,46
120100,46
120200,49
120300,70
120400,67
120500,64
120600,62
120700,65
120800,53
120900,67
121000,58
121100,56
121200,56
121300,59
121400,58
121500,50
121600,46
121700,47
121800,58
121900,47
122000,46
122100,47
122200,47
122300,46
122400,46
122500,45
122600,47
122700,47
122800,46
122900,47
123000,46
123100,52
123200,87
123300,52
123400,108
123500,58
123600,83
123700,70
123800,56
123900,53
124000,55
124100,53
124200,54
124300,53
124400,54
124500,55
124600,52
124700,54
124800,69
124900,65
125000,53
125100,53
125200,53
125300,53
125400,55
125500,55
125600,54
125700,56
125800,53
125900,54
126000,54
126100,53
126200,54
126300,58
126400,54
126500,54
126600,54
126700,54
126800,53
126900,55
127000,55
127100,59
127200,58
127300,59
127400,59
127500,60
127600,58
127700,58
127800,62
127900,59
128000,60
128100,58
128200,59
128300,57
128400,53
128500,53
128600,54
128700,55
128800,54
128900,65
129000,75
129100,67
129200,105
129300,65
129400,54
129500,55
129600,54
129700,55
129800,54
129900,55
130000,54
130100,52
130200,55
130300,55
130400,54
130500,55
130600,55
130700,58
130800,54
130900,57
131000,55
131100,57
131200,54
131300,55
131400,55
131500,56
131600,55
131700,55
131800,55
131900,55
132000,53
132100,61
132200,61
132300,61
132400,71
132500,108
132600,77
132700,67
132800,48
132900,47
133000,47
133100,105
133200,47
133300,47
133400,48
133500,46
133600,106
133700,86
133800,60
133900,47
134000,47
134100,47
134200,47
134300,46
134400,48
134500,83
134600,46
134700,46
134800,46
134900,47
135000,46
135100,65
135200,49
135300,47
135400,48
135500,58
135600,47
135700,48
135800,47
135900,47
136000,47
136100,53
136200,53
136300,52
136400,52
136500,54
136600,54
136700,102
136800,54
136900,54
137000,53
137100,53
137200,70
137300,48
137400,48
137500,47
137600,62
137700,60
137800,47
137900,46
138000,61
138100,82
138200,81
138300,47
138400,48
138500,47
138600,49
138700,47
138800,47
138900,47
139000,47
139100,48
139200,48
139300,48
139400,48
139500,47
139600,47
139700,48
139800,104
139900,49
140000,47
140100,49
140200,64
140300,48
140400,49
140500,49
140600,59
140700,66
140800,47
140900,47
141000,48
141100,54
141200,54
141300,87
141400,54
141500,54
141600,54
141700,54
141800,76
141900,48
142000,48
142100,48
142200,48
142300,83
142400,48
142500,47
142600,47
142700,47
142800,82
142900,49
143000,47
143100,48
143200,48
143300,48
143400,48
143500,47
143600,47
143700,47
143800,47
143900,47
144000,47
144100,48
144200,48
144300,47
144400,47
144500,81
144600,53
144700,47
144800,47
144900,61
145000,47
145100,53
145200,53
145300,66
145400,54
145500,54
145600,54
145700,66
145800,53
145900,131
146000,54
146100,53
146200,56
146300,55
146400,61
146500,48
146600,48
146700,48
146800,49
146900,62
147000,48
147100,63
147200,63
147300,66
147400,75
147500,64
147600,49
147700,48
147800,49
147900,50
148000,49
148100,50
148200,49
148300,49
148400,49
148500,49
148600,50
148700,49
148800,49
148900,66
149000,58
149100,50
149200,49
149300,49
149400,49
149500,48
149600,77
149700,49
149800,49
149900,49
150000,50
150100,57
150200,72
150300,57
150400,76
150500,96
150600,57
150700,57
150800,68
150900,64
151000,50
151100,50
151200,53
151300,65
151400,50
151500,97
151600,67
151700,90
151800,67
151900,50
152000,50
152100,51
152200,52
152300,51
152400,50
152500,52
152600,51
152700,51
152800,51
152900,51
153000,52
153100,51
153200,53
153300,55
153400,52
153500,51
153600,51
153700,52
153800,51
153900,51
154000,49
154100,58
154200,57
154300,57
154400,57
154500,87
154600,57
154700,57
154800,72
154900,57
155000,73
155100,58
155200,103
155300,66
155400,53
155500,53
155600,87
155700,51
155800,51
155900,52
156000,53
156100,99
156200,69
156300,53
156400,50
156500,51
156600,51
156700,50
156800,49
156900,51
157000,51
157100,53
157200,51
157300,49
157400,50
157500,52
157600,79
157700,53
157800,51
157900,51
158000,49
158100,52
158200,52
158300,52
158400,51
158500,52
158600,52
158700,52
158800,52
158900,52
159000,50
159100,58
159200,93
159300,58
159400,58
159500,58
159600,80
159700,54
159800,66
159900,53
160000,53
160100,54
160200,77
160300,78
160400,62
160500,68
160600,80
160700,65
160800,51
160900,50
161000,50
161100,51
161200,52
161300,52
161400,50
161500,51
161600,50
161700,51
161800,50
161900,51
162000,51
162100,78
162200,50
162300,50
162400,50
162500,50
162600,51
162700,51
162800,50
162900,50
163000,51
163100,57
163200,56
163300,57
163400,57
163500,57
163600,113
163700,57
163800,57
163900,57
164000,66
164100,53
164200,52
164300,50
164400,50
164500,50
164600,65
164700,51
164800,51
164900,51
165000,67
165100,79
165200,80
165300,80
165400,64
165500,52
165600,52
165700,51
165800,52
165900,52
166000,51
166100,51
166200,52
166300,63
166400,54
166500,53
166600,52
166700,66
166800,62
166900,50
167000,50
167100,82
167200,83
167300,86
167400,70
167500,68
167600,103
167700,70
167800,105
167900,71
168000,55
168100,51
168200,52
168300,51
168400,53
168500,51
168600,52
168700,57
168800,52
168900,52
169000,52
169100,80
169200,62
169300,62
169400,62
169500,62
169600,62
169700,62
169800,62
169900,63
170000,78
170100,108
170200,71
170300,67
170400,53
170500,53
170600,52
170700,52
170800,52
170900,55
171000,61
171100,67
171200,66
171300,67
171400,69
171500,66
171600,71
171700,64
171800,65
171900,68
172000,67
172100,88
172200,59
172300,61
172400,60
172500,61
172600,84
172700,65
172800,60
172900,100
173000,61
173100,61
173200,59
173300,59
173400,59
173500,59
173600,61
173700,62
173800,60
173900,58
174000,59
174100,86
174200,77
174300,80
174400,60
174500,58
174600,62
174700,61
174800,61
174900,59
175000,60
175100,66
175200,66
175300,69
175400,66
175500,128
175600,66
175700,65
175800,69
175900,87
176000,61
176100,61
176200,60
176300,62
176400,74
176500,61
176600,62
176700,107
176800,73
176900,60
177000,59
177100,60
177200,60
177300,63
177400,60
177500,60
177600,61
177700,74
177800,63
177900,61
178000,74
178100,59
178200,62
178300,59
178400,60
178500,61
178600,62
178700,59
178800,60
178900,58
179000,89
179100,67
179200,67
179300,83
179400,69
179500,67
179600,67
179700,79
179800,82
179900,59
180000,75
180100,57
180200,56
180300,55
180400,65
180500,53
180600,67
180700,54
180800,54
180900,54
181000,53
181100,54
181200,54
181300,54
181400,59
181500,63
181600,61
181700,59
181800,59
181900,60
182000,57
182100,78
182200,67
182300,64
182400,64
182500,65
182600,60
182700,53
182800,54
182900,53
183000,53
183100,59
183200,64
183300,79
183400,74
183500,77
183600,75
183700,63
183800,72
183900,65
184000,55
184100,53
184200,54
184300,55
184400,59
184500,54
184600,53
184700,53
184800,79
184900,54
185000,54
185100,54
185200,53
185300,54
185400,53
185500,54
185600,54
185700,54
185800,54
185900,53
186000,54
186100,65
186200,54
186300,78
186400,54
186500,70
186600,54
186700,52
186800,53
186900,55
187000,65
187100,71
187200,70
187300,72
187400,72
187500,73
187600,87
187700,73
187800,75
187900,75
188000,67
188100,55
188200,57
188300,57
188400,56
188500,56
188600,62
188700,67
188800,54
188900,72
189000,75
189100,56
189200,55
189300,56
189400,57
189500,55
189600,54
189700,55
189800,54
189900,55
190000,56
190100,55
190200,54
190300,56
190400,93
190500,55
190600,54
190700,54
190800,55
190900,77
191000,76
191100,66
191200,77
191300,77
191400,73
191500,61
191600,66
191700,72
191800,66
191900,66
192000,67
192100,64
192200,74
192300,86
192400,85
192500,86
192600,82
192700,68
192800,56
192900,60
193000,56
193100,57
193200,67
193300,56
193400,56
193500,57
193600,56
193700,56
193800,57
193900,56
194000,56
194100,57
194200,56
194300,93
194400,57
194500,56
194600,57
194700,56
194800,56
194900,58
195000,56
195100,56
195200,57
195300,56
195400,57
195500,64
195600,64
195700,66
195800,64
195900,63
196000,64
196100,73
196200,87
196300,85
196400,77
196500,65
196600,66
196700,60
196800,57
196900,56
197000,60
197100,65
197200,66
197300,56
197400,56
197500,56
197600,56
197700,56
197800,56
197900,56
198000,56
198100,56
198200,56
198300,66
198400,66
198500,65
198600,77
198700,77
198800,67
198900,62
199000,57
199100,56
199200,56
199300,56
199400,56
199500,56
199600,64
199700,77
199800,69
199900,64
200000,63
200100,64
200200,63
200300,75
200400,66
200500,73
200600,63
200700,70
200800,87
200900,75
201000,80
201100,74
201200,87
201300,79
201400,66
201500,56
201600,56
201700,56
201800,56
201900,56
202000,56
202100,56
202200,56
202300,60
202400,56
202500,56
202600,56
202700,56
202800,66
202900,79
203000,79
203100,56
203200,57
203300,57
203400,58
203500,78
203600,73
203700,73
203800,71
203900,69
204000,67
204100,78
204200,65
204300,64
204400,64
204500,63
204600,73
204700,59
204800,57
204900,71
205000,81
205100,63
205200,58
205300,70
205400,70
205500,81
205600,79
205700,70
205800,62
205900,58
206000,59
206100,60
206200,100
206300,56
206400,56
206500,56
206600,57
206700,57
206800,57
206900,56
207000,57
207100,58
207200,58
207300,66
207400,65
207500,68
207600,65
207700,65
207800,65
207900,78
208000,91
208100,66
208200,66
208300,65
208400,65
208500,59
208600,57
208700,58
208800,82
208900,59
209000,58
209100,57
209200,58
209300,58
209400,57
209500,58
209600,58
209700,58
209800,58
209900,67
210000,68
210100,66
210200,68
210300,68
210400,68
210500,66
210600,67
210700,71
210800,69
210900,59
211000,57
211100,58
211200,67
211300,68
211400,74
211500,68
211600,68
211700,68
211800,67
211900,66
212000,66
212100,67
212200,66
212300,63
212400,60
212500,61
212600,93
212700,66
212800,66
212900,65
213000,65
213100,125
213200,67
213300,67
213400,69
213500,67
213600,67
213700,67
213800,80
213900,78
214000,66
214100,76
214200,68
214300,69
214400,67
214500,67
214600,66
214700,67
214800,66
214900,75
215000,76
215100,109
215200,84
215300,75
215400,114
215500,73
215600,72
215700,72
215800,70
215900,66
216000,66
216100,78
216200,86
216300,76
216400,67
216500,67
216600,74
216700,65
216800,66
216900,67
217000,66
217100,74
217200,66
217300,80
217400,67
217500,67
217600,66
217700,67
217800,65
217900,67
218000,66
218100,67
218200,66
218300,69
218400,75
218500,74
218600,75
218700,81
218800,68
218900,67
219000,87
219100,66
219200,66
219300,67
219400,66
219500,80
219600,59
219700,59
219800,61
219900,59
220000,59
220100,59
220200,59
220300,59
220400,59
220500,59
220600,59
220700,59
220800,59
220900,59
221000,60
221100,74
221200,61
221300,59
221400,59
221500,59
221600,59
221700,59
221800,59
221900,59
222000,59
222100,72
222200,60
222300,77
222400,67
222500,92
222600,68
222700,68
222800,68
222900,78
223000,68
223100,68
223200,69
223300,67
223400,82
223500,72
223600,64
223700,62
223800,71
223900,84
224000,58
224100,58
224200,59
224300,70
224400,65
224500,63
224600,66
224700,65
224800,63
224900,62
225000,63
225100,59
225200,61
225300,59
225400,60
225500,61
225600,62
225700,61
225800,60
225900,60
226000,64
226100,68
226200,64
226300,61
226400,79
226500,67
226600,68
226700,80
226800,79
226900,91
227000,69
227100,70
227200,72
227300,60
227400,82
227500,61
227600,61
227700,61
227800,61
227900,59
228000,58
228100,61
228200,61
228300,61
228400,61
228500,61
228600,62
228700,62
228800,65
228900,61
229000,81
229100,62
229200,60
229300,63
229400,62
229500,61
229600,63
229700,63
229800,63
229900,69
230000,68
230100,95
230200,68
230300,69
230400,95
230500,110
230600,71
230700,76
230800,78
230900,75
231000,75
231100,86
231200,84
231300,85
231400,85
231500,84
231600,83
231700,83
231800,70
231900,59
232000,59
232100,78
232200,59
232300,60
232400,73
232500,70
232600,59
232700,69
232800,70
232900,61
233000,60
233100,59
233200,59
233300,59
233400,59
233500,66
233600,65
233700,88
233800,66
233900,66
234000,66
234100,65
234200,67
234300,66
234400,66
234500,59
234600,59
234700,60
234800,70
234900,66
235000,70
235100,69
235200,58
235300,58
235400,58
235500,58
235600,58
235700,58
235800,58
235900,58
236000,58
236100,59
236200,59
236300,65
236400,58
236500,58
236600,58
236700,58
236800,58
236900,58
237000,58
237100,59
237200,59
237300,59
237400,59
237500,59
237600,66
237700,68
237800,67
237900,66
238000,66
238100,66
238200,80
238300,65
238400,65
238500,65
238600,64
238700,65
238800,69
238900,59
239000,67
239100,69
239200,67
239300,59
239400,58
239500,59
239600,59
239700,59
239800,59
239900,59
240000,59
240100,70
240200,59
240300,59
240400,81
240500,59
240600,59
240700,59
240800,59
240900,59
241000,59
241100,60
241200,60
241300,60
241400,60
241500,60
241600,67
241700,70
241800,67
241900,67
242000,67
242100,67
242200,81
242300,65
242400,65
242500,66
242600,66
242700,66
242800,60
242900,61
243000,61
243100,60
243200,60
243300,60
243400,70
243500,59
243600,59
243700,59
243800,59
243900,59
244000,59
244100,78
244200,60
244300,104
244400,60
244500,59
244600,59
244700,59
244800,59
244900,59
245000,59
245100,67
245200,78
245300,82
245400,85
245500,89
245600,69
245700,67
245800,71
245900,79
246000,90
246100,85
246200,74
246300,71
246400,67
246500,84
246600,66
246700,75
246800,62
246900,61
247000,63
247100,62
247200,65
247300,74
247400,61
247500,62
247600,60
247700,64
247800,62
247900,63
248000,84
248100,73
248200,62
248300,63
248400,62
248500,62
248600,64
248700,66
248800,71
248900,61
249000,62
249100,69
249200,109
249300,69
249400,68
249500,68
249600,78
249700,68
249800,67
249900,67
250000,67
250100,99
250200,91
250300,107
250400,86
250500,83
250600,83
250700,82
250800,83
250900,101
251000,83
251100,83
251200,83
251300,138
251400,81
251500,82
251600,80
251700,80
251800,79
251900,77
252000,89
252100,83
252200,87
252300,109
252400,83
252500,67
252600,92
252700,93
252800,78
252900,67
253000,66
253100,62
253200,72
253300,97
253400,72
253500,96
253600,84
253700,86
253800,73
253900,63
254000,63
254100,63
254200,63
254300,66
254400,65
254500,68
254600,65
254700,65
254800,63
254900,64
255000,64
255100,65
255200,64
255300,65
255400,65
255500,65
255600,64
255700,70
255800,71
255900,71
256000,71
256100,71
256200,71
256300,73
256400,71
256500,71
256600,70
256700,71
256800,79
256900,62
257000,67
257100,75
257200,64
257300,64
257400,64
257500,63
257600,64
257700,64
257800,64
257900,64
258000,64
258100,64
258200,68
258300,65
258400,75
258500,64
258600,64
258700,63
258800,64
258900,64
259000,64
259100,68
259200,65
259300,64
259400,71
259500,75
259600,72
259700,70
259800,71
259900,83
260000,71
260100,81
260200,89
260300,119
260400,66
260500,69
260600,94
260700,92
260800,93
260900,66
261000,66
261100,65
261200,65
261300,66
261400,65
261500,73
261600,65
261700,70
261800,91
261900,66
262000,68
262100,70
262200,68
262300,68
262400,67
262500,68
262600,66
262700,67
262800,66
262900,66
263000,69
263100,67
263200,67
263300,67
263400,67
263500,70
263600,65
263700,66
263800,65
263900,65
264000,66
264100,65
264200,66
264300,81
264400,86
264500,87
264600,88
264700,87
264800,88
264900,86
265000,91
265100,76
265200,104
265300,136
265400,129
265500,128
265600,125
265700,112
265800,80
265900,71
266000,69
266100,68
266200,68
266300,68
266400,68
266500,69
266600,69
266700,67
266800,67
266900,69
267000,68
267100,77
267200,78
267300,67
267400,85
267500,89
267600,88
267700,96
267800,77
267900,68
268000,69
268100,69
268200,69
268300,68
268400,74
268500,68
268600,96
268700,123
268800,104
268900,89
269000,78
269100,68
269200,67
269300,68
269400,67
269500,68
269600,69
269700,78
269800,69
269900,67
270000,87
270100,80
270200,68
270300,67
270400,67
270500,68
270600,66
270700,66
270800,67
270900,103
271000,68
271100,77
271200,66
271300,67
271400,68
271500,66
271600,66
271700,67
271800,68
271900,67
272000,66
272100,73
272200,69
272300,68
272400,69
272500,67
272600,68
272700,67
272800,68
272900,67
273000,69
273100,67
273200,70
273300,68
273400,82
273500,69
273600,68
273700,66
273800,67
273900,89
274000,68
274100,68
274200,68
274300,69
274400,67
274500,67
274600,84
274700,111
274800,68
274900,67
275000,68
275100,67
275200,67
275300,68
275400,68
275500,68
275600,67
275700,68
275800,72
275900,67
276000,68
276100,67
276200,68
276300,68
276400,68
276500,67
276600,66
276700,69
276800,75
276900,69
277000,68
277100,98
277200,68
277300,68
277400,68
277500,68
277600,72
277700,68
277800,69
277900,68
278000,69
278100,69
278200,68
278300,125
278400,67
278500,68
278600,67
278700,68
278800,68
278900,68
279000,69
279100,68
279200,68
279300,68
279400,68
279500,69
279600,70
279700,67
279800,68
279900,68
280000,67
280100,68
280200,68
280300,68
280400,68
280500,69
280600,68
280700,69
280800,72
280900,72
281000,68
281100,68
281200,69
281300,73
281400,68
281500,68
281600,70
281700,69
281800,68
281900,68
282000,69
282100,72
282200,68
282300,70
282400,69
282500,69
282600,69
282700,67
282800,70
282900,68
283000,68
283100,68
283200,68
283300,68
283400,73
283500,68
283600,69
283700,67
283800,68
283900,69
284000,69
284100,68
284200,69
284300,69
284400,69
284500,69
284600,76
284700,90
284800,92
284900,99
285000,106
285100,106
285200,105
285300,109
285400,106
285500,127
285600,103
285700,94
285800,98
285900,95
286000,97
286100,83
286200,96
286300,98
286400,83
286500,126
286600,96
286700,95
286800,81
286900,70
287000,70
287100,71
287200,70
287300,73
287400,71
287500,70
287600,74
287700,74
287800,94
287900,95
288000,95
288100,96
288200,96
288300,96
288400,97
288500,173
288600,96
288700,91
288800,92
288900,80
289000,82
289100,82
289200,88
289300,71
289400,71
289500,77
289600,101
289700,91
289800,93
289900,81
290000,71
290100,75
290200,74
290300,72
290400,70
290500,72
290600,78
290700,83
290800,98
290900,96
291000,108
291100,142
291200,109
291300,109
291400,112
291500,151
291600,90
291700,81
291800,70
291900,71
292000,70
292100,71
292200,71
292300,71
292400,107
292500,105
292600,97
292700,94
292800,85
292900,72
293000,72
293100,74
293200,76
293300,85
293400,93
293500,94
293600,96
293700,114
293800,120
293900,106
294000,107
294100,105
294200,136
294300,129
294400,125
294500,97
294600,98
294700,95
294800,98
294900,85
295000,74
295100,84
295200,97
295300,74
295400,72
295500,72
295600,73
295700,73
295800,73
295900,94
296000,109
296100,74
296200,75
296300,86
296400,74
296500,71
296600,72
296700,76
296800,72
296900,73
297000,72
297100,72
297200,74
297300,72
297400,130
297500,95
297600,72
297700,72
297800,73
297900,72
298000,72
298100,74
298200,72
298300,73
298400,71
298500,98
298600,71
298700,72
298800,71
298900,73
299000,74
299100,72
299200,71
299300,73
299400,86
299500,77
299600,89
299700,73
299800,72
299900,73
300000,77
300100,72
300200,73
300300,72
300400,73
300500,72
300600,73
300700,99
300800,74
300900,84
301000,72
301100,73
301200,72
301300,73
301400,71
301500,91
301600,81
301700,71
301800,109
301900,70
302000,70
302100,73
302200,74
302300,74
302400,76
302500,73
302600,71
302700,71
302800,70
302900,71
303000,85
303100,71
303200,72
303300,81
303400,74
303500,69
303600,75
303700,71
303800,71
303900,71
304000,71
304100,71
304200,95
304300,81
304400,81
304500,71
304600,71
304700,71
304800,71
304900,72
305000,71
305100,71
305200,71
305300,72
305400,99
305500,71
305600,70
305700,71
305800,70
305900,71
306000,71
306100,71
306200,71
306300,71
306400,70
306500,71
306600,99
306700,72
306800,72
306900,72
307000,87
307100,93
307200,72
307300,73
307400,88
307500,115
307600,104
307700,122
307800,132
307900,107
308000,149
308100,96
308200,99
308300,82
308400,72
308500,118
308600,111
308700,81
308800,96
308900,83
309000,72
309100,72
309200,73
309300,73
309400,72
309500,72
309600,118
309700,95
309800,83
309900,77
310000,72
310100,73
310200,81
310300,70
310400,77
310500,72
310600,74
310700,123
310800,84
310900,73
311000,83
311100,103
311200,71
311300,79
311400,73
311500,72
311600,72
311700,74
311800,74
311900,74
312000,73
312100,85
312200,72
312300,72
312400,72
312500,71
312600,73
312700,73
312800,96
312900,73
313000,73
313100,74
313200,88
313300,73
313400,72
313500,72
313600,72
313700,83
313800,75
313900,116
314000,93
314100,97
314200,92
314300,93
314400,93
314500,83
314600,72
314700,73
314800,86
314900,74
315000,72
315100,83
315200,73
315300,79
315400,73
315500,73
315600,73
315700,73
315800,73
315900,86
316000,72
316100,74
316200,74
316300,86
316400,73
316500,73
316600,73
316700,73
316800,73
316900,74
317000,87
317100,75
317200,109
317300,83
317400,94
317500,93
317600,92
317700,93
317800,93
317900,84
318000,106
318100,83
318200,74
318300,73
318400,73
318500,73
318600,74
318700,74
318800,74
318900,73
319000,73
319100,76
319200,81
319300,76
319400,93
319500,94
319600,96
319700,95
319800,96
319900,97
320000,97
320100,87
320200,119
320300,80
320400,89
320500,100
320600,97
320700,85
320800,74
320900,74
321000,79
321100,84
321200,98
321300,97
321400,84
321500,74
321600,74
321700,74
321800,83
321900,83
322000,76
322100,88
322200,96
322300,96
322400,84
322500,77
322600,74
322700,84
322800,117
322900,74
323000,74
323100,90
323200,125
323300,130
323400,95
323500,83
323600,74
323700,74
323800,84
323900,95
324000,85
324100,110
324200,95
324300,94
324400,85
324500,74
324600,73
324700,74
324800,74
324900,73
325000,73
325100,231
325200,106
325300,104
325400,83
325500,80
325600,73
325700,72
325800,72
325900,73
326000,72
326100,91
326200,73
326300,72
326400,72
326500,72
326600,72
326700,72
326800,72
326900,72
327000,72
327100,74
327200,73
327300,89
327400,74
327500,74
327600,84
327700,84
327800,73
327900,74
328000,74
328100,102
328200,115
328300,109
328400,113
328500,135
328600,102
328700,74
328800,74
328900,74
329000,75
329100,76
329200,75
329300,74
329400,60
329500,75
329600,74
329700,76
329800,76
329900,74
330000,76
330100,88
330200,96
330300,97
330400,88
330500,78
330600,75
330700,74
330800,74
330900,74
331000,76
331100,105
331200,107
331300,106
331400,107
331500,121
331600,127
331700,118
331800,76
331900,74
332000,75
332100,77
332200,75
332300,76
332400,76
332500,79
332600,76
332700,75
332800,75
332900,85
333000,98
333100,98
333200,98
333300,97
333400,96
333500,89
333600,76
333700,75
333800,77
333900,76
334000,86
334100,125
334200,123
334300,127
334400,131
334500,129
334600,128
334700,105
334800,76
334900,76
335000,75
335100,77
335200,75
335300,75
335400,79
335500,77
335600,76
335700,76
335800,77
335900,77
336000,75
336100,85
336200,98
336300,97
336400,98
336500,91
336600,76
336700,85
336800,100
336900,75
337000,75
337100,104
337200,106
337300,107
337400,109
337500,128
337600,106
337700,109
337800,114
337900,85
338000,84
338100,88
338200,84
338300,120
338400,85
338500,85
338600,75
338700,74
338800,74
338900,76
339000,96
339100,75
339200,75
339300,75
339400,79
339500,74
339600,73
339700,74
339800,74
339900,75
340000,75
340100,106
340200,106
340300,105
340400,107
340500,105
340600,103
340700,107
340800,117
340900,86
341000,85
341100,85
341200,85
341300,84
341400,107
341500,85
341600,74
341700,75
341800,75
341900,75
342000,74
342100,76
342200,96
342300,74
342400,85
342500,75
342600,74
342700,75
342800,74
342900,74
343000,75
343100,107
343200,110
343300,108
343400,110
343500,108
343600,108
343700,109
343800,103
343900,85
344000,84
344100,97
344200,110
344300,120
344400,98
344500,79
344600,77
344700,79
344800,77
344900,77
345000,76
345100,87
345200,76
345300,90
345400,76
345500,77
345600,77
345700,77
345800,76
345900,76
346000,87
346100,78
346200,77
346300,78
346400,81
346500,80
346600,78
346700,77
346800,87
346900,96
347000,86
347100,99
347200,87
347300,87
347400,170
347500,87
347600,126
347700,88
347800,76
347900,76
348000,76
348100,88
348200,77
348300,77
348400,103
348500,76
348600,77
348700,77
348800,76
348900,76
349000,76
349100,79
349200,78
349300,79
349400,78
349500,122
349600,79
349700,78
349800,80
349900,93
350000,87
350100,99
350200,87
350300,87
350400,101
350500,88
350600,88
350700,100
350800,77
350900,77
351000,77
351100,90
351200,77
351300,77
351400,78
351500,90
351600,77
351700,77
351800,77
351900,77
352000,76
352100,81
352200,78
352300,78
352400,78
352500,81
352600,80
352700,79
352800,80
352900,89
353000,99
353100,79
353200,115
353300,89
353400,97
353500,122
353600,107
353700,111
353800,101
353900,97
354000,96
354100,94
354200,88
354300,90
354400,107
354500,98
354600,98
354700,98
354800,98
354900,87
355000,76
355100,78
355200,78
355300,77
355400,100
355500,100
355600,102
355700,157
355800,97
355900,86
356000,88
356100,94
356200,103
356300,113
356400,98
356500,87
356600,76
356700,76
356800,77
356900,77
357000,77
357100,77
357200,80
357300,77
357400,77
357500,76
357600,77
357700,77
357800,76
357900,76
358000,77
358100,78
358200,78
358300,78
358400,78
358500,78
358600,78
358700,90
358800,88
358900,90
359000,90
359100,101
359200,100
359300,124
359400,102
359500,97
359600,89
359700,78
359800,79
359900,78
360000,78
360100,93
360200,79
360300,109
360400,78
360500,79
360600,78
360700,77
360800,78
360900,78
361000,78
361100,90
361200,79
361300,79
361400,79
361500,80
361600,80
361700,89
361800,90
361900,116
362000,88
362100,101
362200,88
362300,150
362400,81
362500,80
362600,92
362700,78
362800,78
362900,78
363000,77
363100,102
363200,78
363300,138
363400,116
363500,79
363600,92
363700,87
363800,77
363900,76
364000,77
364100,78
364200,78
364300,81
364400,78
364500,78
364600,78
364700,100
364800,87
364900,87
365000,87
365100,103
365200,86
365300,118
365400,87
365500,98
365600,80
365700,79
365800,80
365900,80
366000,120
366100,84
366200,110
366300,83
366400,80
366500,81
366600,79
366700,80
366800,81
366900,119
367000,94
367100,94
367200,98
367300,96
367400,94
367500,93
367600,109
367700,96
367800,95
367900,94
368000,97
368100,113
368200,97
368300,96
368400,120
368500,105
368600,98
368700,105
368800,94
368900,95
369000,123
369100,106
369200,94
369300,116
369400,82
369500,81
369600,82
369700,81
369800,81
369900,96
370000,81
370100,81
370200,82
370300,103
370400,90
370500,92
370600,92
370700,109
370800,105
370900,153
371000,118
371100,94
371200,83
371300,83
371400,82
371500,95
371600,97
371700,81
371800,94
371900,88
372000,83
372100,92
372200,82
372300,84
372400,83
372500,83
372600,82
372700,83
372800,110
372900,82
373000,82
373100,107
373200,93
373300,92
373400,92
373500,92
373600,92
373700,116
373800,117
373900,92
374000,113
374100,89
374200,78
374300,79
374400,79
374500,79
374600,89
374700,92
374800,81
374900,82
375000,82
375100,91
375200,104
375300,105
375400,92
375500,81
375600,94
375700,103
375800,92
375900,89
376000,129
376100,101
376200,90
376300,90
376400,90
376500,114
376600,90
376700,90
376800,100
376900,80
377000,80
377100,90
377200,155
377300,108
377400,122
377500,117
377600,120
377700,96
377800,96
377900,106
378000,96
378100,98
378200,97
378300,118
378400,97
378500,98
378600,109
378700,97
378800,100
378900,99
379000,100
379100,145
379200,107
379300,113
379400,105
379500,96
379600,97
379700,98
379800,95
379900,98
380000,118
380100,104
380200,97
380300,105
380400,105
380500,95
380600,97
380700,98
380800,95
380900,96
381000,106
381100,97
381200,109
381300,99
381400,98
381500,100
381600,103
381700,122
381800,99
381900,98
382000,105
382100,104
382200,97
382300,95
382400,98
382500,94
382600,117
382700,94
382800,97
382900,97
383000,104
383100,96
383200,98
383300,99
383400,99
383500,100
383600,96
383700,98
383800,109
383900,99
384000,100
384100,114
384200,99
384300,155
384400,99
384500,95
384600,102
384700,82
384800,83
384900,84
385000,96
385100,102
385200,117
385300,88
385400,86
385500,85
385600,84
385700,85
385800,84
385900,83
386000,83
386100,83
386200,87
386300,92
386400,86
386500,85
386600,111
386700,97
386800,102
386900,96
387000,101
387100,137
387200,94
387300,95
387400,105
387500,82
387600,82
387700,82
387800,81
387900,82
388000,82
388100,136
388200,84
388300,84
388400,92
388500,80
388600,79
388700,80
388800,79
388900,79
389000,80
389100,88
389200,82
389300,97
389400,91
389500,103
389600,118
389700,118
389800,160
389900,123
390000,94
390100,104
390200,81
390300,81
390400,80
390500,81
390600,81
390700,81
390800,81
390900,122
391000,81
391100,90
391200,80
391300,81
391400,81
391500,98
391600,96
391700,96
391800,95
391900,122
392000,117
392100,123
392200,125
392300,99
392400,102
392500,101
392600,100
392700,128
392800,102
392900,97
393000,95
393100,116
393200,97
393300,98
393400,96
393500,96
393600,112
393700,99
393800,98
393900,96
394000,107
394100,98
394200,99
394300,100
394400,100
394500,118
394600,116
394700,118
394800,103
394900,106
395000,99
395100,111
395200,119
395300,116
395400,101
395500,98
395600,97
395700,96
395800,98
395900,99
396000,100
396100,110
396200,98
396300,99
396400,98
396500,98
396600,97
396700,98
396800,98
396900,98
397000,113
397100,98
397200,100
397300,100
397400,112
397500,104
397600,102
397700,111
397800,108
397900,114
398000,107
398100,104
398200,97
398300,97
398400,97
398500,98
398600,98
398700,103
398800,99
398900,97
399000,97
399100,106
399200,96
399300,99
399400,108
399500,87
399600,86
399700,88
399800,86
399900,85
400000,85
400100,127
400200,109
400300,103
400400,102
400500,103
400600,123
400700,88
400800,105
400900,96
401000,85
401100,97
401200,83
401300,88
401400,84
401500,133
401600,86
401700,84
401800,84
401900,84
402000,84
402100,90
402200,90
402300,87
402400,86
402500,91
402600,87
402700,87
402800,86
402900,109
403000,98
403100,109
403200,108
403300,107
403400,120
403500,106
403600,85
403700,84
403800,83
403900,83
404000,84
404100,85
404200,84
404300,88
404400,125
404500,107
404600,94
404700,83
404800,85
404900,83
405000,84
405100,84
405200,85
405300,112
405400,106
405500,107
405600,152
405700,120
405800,107
405900,96
406000,96
406100,147
406200,114
406300,114
406400,119
406500,120
406600,139
406700,108
406800,132
406900,101
407000,99
407100,119
407200,119
407300,118
407400,117
407500,110
407600,140
407700,114
407800,110
407900,121
408000,104
408100,123
408200,125
408300,126
408400,115
408500,104
408600,104
408700,120
408800,103
408900,101
409000,111
409100,105
409200,101
409300,101
409400,99
409500,101
409600,101
409700,100
409800,101
409900,102
410000,116
410100,101
410200,102
410300,103
410400,109
410500,107
410600,105
410700,108
410800,111
410900,126
411000,104
411100,117
411200,121
411300,101
411400,103
411500,110
411600,105
411700,134
411800,100
411900,101
412000,101
412100,102
412200,106
412300,104
412400,103
412500,104
412600,105
412700,104
412800,103
412900,110
413000,103
413100,114
413200,105
413300,106
413400,128
413500,107
413600,104
413700,108
413800,88
413900,89
414000,108
414100,98
414200,99
414300,103
414400,98
414500,99
414600,97
414700,92
414800,90
414900,90
415000,100
415100,88
415200,96
415300,91
415400,89
415500,101
415600,105
415700,102
415800,103
415900,102
416000,121
416100,113
416200,107
416300,108
416400,87
416500,87
416600,87
416700,87
416800,88
416900,114
417000,87
417100,102
417200,90
417300,97
417400,89
417500,88
417600,98
417700,84
417800,84
417900,113
418000,84
418100,113
418200,103
418300,99
418400,98
418500,98
418600,98
418700,148
418800,109
418900,100
419000,157
419100,128
419200,97
419300,86
419400,87
419500,100
419600,97
419700,87
419800,86
419900,87
420000,87
420100,108
420200,176
420300,98
420400,122
420500,88
420600,86
420700,87
420800,98
420900,100
421000,100
421100,99
421200,98
421300,123
421400,99
421500,99
421600,99
421700,96
421800,105
421900,85
422000,85
422100,85
422200,110
422300,86
422400,85
422500,87
422600,86
422700,85
422800,96
422900,97
423000,85
423100,86
423200,109
423300,87
423400,86
423500,86
423600,107
423700,99
423800,99
423900,99
424000,99
424100,163
424200,100
424300,100
424400,105
424500,95
424600,87
424700,84
424800,86
424900,97
425000,101
425100,87
425200,87
425300,87
425400,86
425500,85
425600,86
425700,86
425800,96
425900,97
426000,106
426100,97
426200,87
426300,119
426400,110
426500,100
426600,100
426700,100
426800,100
426900,103
427000,110
427100,100
427200,102
427300,87
427400,86
427500,86
427600,87
427700,86
427800,100
427900,96
428000,86
428100,87
428200,88
428300,87
428400,89
428500,87
428600,86
428700,86
428800,102
428900,140
429000,113
429100,134
429200,107
429300,100
429400,99
429500,114
429600,179
429700,113
429800,107
429900,109
430000,86
430100,86
430200,86
430300,85
430400,114
430500,87
430600,85
430700,86
430800,111
430900,86
431000,85
431100,86
431200,86
431300,87
431400,104
431500,87
431600,90
431700,105
431800,108
431900,101
432000,101
432100,101
432200,101
432300,126
432400,102
432500,100
432600,101
432700,97
432800,132
432900,108
433000,133
433100,124
433200,86
433300,86
433400,86
433500,86
433600,86
433700,86
433800,96
433900,88
434000,104
434100,108
434200,110
434300,112
434400,108
434500,115
434600,124
434700,132
434800,125
434900,100
435000,99
435100,114
435200,107
435300,87
435400,87
435500,86
435600,86
435700,100
435800,95
435900,105
436000,106
436100,96
436200,105
436300,97
436400,87
436500,88
436600,88
436700,88
436800,87
436900,87
437000,87
437100,87
437200,102
437300,88
437400,88
437500,101
437600,106
437700,102
437800,101
437900,102
438000,89
438100,88
438200,87
438300,89
438400,87
438500,87
438600,107
438700,101
438800,100
438900,100
439000,100
439100,101
439200,101
439300,102
439400,100
439500,105
439600,102
439700,102
439800,101
439900,103
440000,102
440100,104
440200,93
440300,123
440400,103
440500,103
440600,103
440700,90
440800,102
440900,101
441000,102
441100,101
441200,105
441300,102
441400,101
441500,100
441600,100
441700,101
441800,101
441900,102
442000,102
442100,105
442200,101
442300,100
442400,101
442500,101
442600,105
442700,104
442800,105
442900,104
443000,110
443100,101
443200,101
443300,105
443400,101
443500,103
443600,119
443700,117
443800,127
443900,128
444000,126
444100,111
444200,132
444300,140
444400,136
444500,163
444600,127
444700,127
444800,114
444900,110
445000,106
445100,109
445200,110
445300,122
445400,109
445500,104
445600,113
445700,112
445800,101
445900,102
446000,102
446100,116
446200,102
446300,101
446400,100
446500,101
446600,101
446700,101
446800,100
446900,100
447000,116
447100,103
447200,102
447300,113
447400,100
447500,136
447600,153
447700,105
447800,128
447900,104
448000,105
448100,114
448200,100
448300,104
448400,105
448500,198
448600,104
448700,125
448800,106
448900,101
449000,102
449100,103
449200,103
449300,103
449400,105
449500,105
449600,104
449700,116
449800,102
449900,106
450000,105
450100,116
450200,142
450300,106
450400,106
450500,106
450600,102
450700,102
450800,102
450900,102
451000,126
451100,112
451200,103
451300,102
451400,102
451500,101
451600,122
451700,102
451800,106
451900,106
452000,105
452100,105
452200,105
452300,104
452400,106
452500,105
452600,105
452700,136
452800,107
452900,107
453000,107
453100,125
453200,104
453300,103
453400,112
453500,118
453600,105
453700,100
453800,104
453900,104
454000,105
454100,102
454200,102
454300,107
454400,115
454500,105
454600,124
454700,125
454800,107
454900,105
455000,105
455100,108
455200,117
455300,107
455400,106
455500,106
455600,124
455700,103
455800,102
455900,102
456000,118
456100,105
456200,114
456300,103
456400,104
456500,103
456600,102
456700,103
456800,124
456900,103
457000,103
457100,101
457200,155
457300,109
457400,99
457500,130
457600,130
457700,141
457800,137
457900,166
458000,136
458100,108
458200,106
458300,118
458400,125
458500,125
458600,143
458700,160
458800,152
458900,105
459000,125
459100,114
459200,126
459300,133
459400,141
459500,151
459600,128
459700,168
459800,146
459900,114
460000,130
460100,136
460200,168
460300,123
460400,133
460500,127
460600,127
460700,126
460800,126
460900,118
461000,104
461100,119
461200,129
461300,128
461400,163
461500,162
461600,157
461700,106
461800,141
461900,106
462000,105
462100,104
462200,115
462300,113
462400,104
462500,105
462600,132
462700,123
462800,124
462900,123
463000,122
463100,116
463200,107
463300,108
463400,125
463500,126
463600,119
463700,141
463800,105
463900,105
464000,105
464100,128
464200,112
464300,107
464400,106
464500,108
464600,110
464700,106
464800,117
464900,129
465000,117
465100,116
465200,128
465300,124
465400,114
465500,106
465600,113
465700,100
465800,148
465900,112
466000,109
466100,109
466200,117
466300,119
466400,108
466500,113
466600,142
466700,110
466800,108
466900,112
467000,108
467100,118
467200,125
467300,133
467400,129
467500,128
467600,127
467700,119
467800,109
467900,117
468000,126
468100,146
468200,144
468300,140
468400,151
468500,152
468600,153
468700,156
468800,153
468900,154
469000,145
469100,145
469200,154
469300,157
469400,213
469500,115
469600,121
469700,121
469800,107
469900,107
470000,147
470100,116
470200,128
470300,155
470400,113
470500,114
470600,113
470700,180
470800,110
470900,110
471000,111
471100,108
471200,106
471300,106
471400,105
471500,160
471600,107
471700,106
471800,106
471900,106
472000,106
472100,108
472200,107
472300,114
472400,121
472500,108
472600,138
472700,135
472800,108
472900,108
473000,108
473100,123
473200,108
473300,107
473400,107
473500,130
473600,106
473700,106
473800,121
473900,119
474000,107
474100,107
474200,107
474300,106
474400,107
474500,107
474600,108
474700,111
474800,108
474900,106
475000,131
475100,109
475200,158
475300,174
475400,147
475500,111
475600,119
475700,109
475800,159
475900,132
476000,132
476100,148
476200,112
476300,111
476400,110
476500,111
476600,110
476700,111
476800,110
476900,134
477000,134
477100,164
477200,120
477300,110
477400,109
477500,109
477600,132
477700,138
477800,243
477900,134
478000,134
478100,113
478200,134
478300,135
478400,135
478500,135
478600,136
478700,134
478800,121
478900,153
479000,145
479100,173
479200,120
479300,129
479400,130
479500,147
479600,133
479700,111
479800,112
479900,112
480000,112
480100,113
480200,112
480300,115
480400,111
480500,111
480600,110
480700,110
480800,111
480900,126
481000,134
481100,140
481200,135
481300,136
481400,128
481500,112
481600,112
481700,151
481800,177
481900,141
482000,129
482100,124
482200,132
482300,133
482400,139
482500,141
482600,136
482700,133
482800,142
482900,146
483000,139
483100,174
483200,158
483300,157
483400,136
483500,136
483600,136
483700,136
483800,154
483900,124
484000,101
484100,131
484200,139
484300,112
484400,112
484500,142
484600,112
484700,113
484800,114
484900,141
485000,136
485100,134
485200,136
485300,135
485400,134
485500,126
485600,113
485700,114
485800,113
485900,137
486000,111
486100,112
486200,112
486300,110
486400,111
486500,112
486600,111
486700,138
486800,110
486900,111
487000,110
487100,133
487200,137
487300,149
487400,216
487500,166
487600,179
487700,132
487800,133
487900,131
488000,135
488100,126
488200,132
488300,131
488400,132
488500,131
488600,132
488700,136
488800,196
488900,114
489000,114
489100,136
489200,138
489300,137
489400,151
489500,136
489600,136
489700,112
489800,111
489900,136
490000,136
490100,126
490200,117
490300,117
490400,144
490500,116
490600,115
490700,126
490800,119
490900,115
491000,115
491100,126
491200,115
491300,114
491400,113
491500,129
491600,126
491700,114
491800,112
491900,133
492000,112
492100,123
492200,113
492300,136
492400,115
492500,114
492600,114
492700,134
492800,113
492900,112
493000,126
493100,117
493200,115
493300,114
493400,150
493500,114
493600,209
493700,149
493800,141
493900,139
494000,138
494100,142
494200,114
494300,114
494400,117
494500,114
494600,113
494700,113
494800,100
494900,114
495000,114
495100,114
495200,119
495300,115
495400,116
495500,116
495600,116
495700,113
495800,115
495900,114
496000,147
496100,114
496200,115
496300,143
496400,115
496500,115
496600,115
496700,151
496800,116
496900,115
497000,115
497100,100
497200,116
497300,116
497400,114
497500,150
497600,115
497700,116
497800,115
497900,114
498000,114
498100,115
498200,132
498300,131
498400,116
498500,116
498600,149
498700,116
498800,115
498900,115
499000,150
499100,115
499200,116
499300,115
499400,147
499500,116
499600,116
499700,142
499800,113
499900,113
